-21.949,-99.659,-42.257
-34.049,-95.964,-47.779
-18.861,-100,-34.175
-53.497,-77.368,-67.36
-54.986,-73.012,-69.78
-52.012,-84.214,-73.244
-50.547,-78.225,-70.292
-63.022,-77.001,-81.81
-33.222,-93.65,-44.665
-45.381,-77.668,-65.908
-30.907,-91.788,-39.987
-46.682,-82.245,-65.177
-45.124,-83.675,-60.144
-53.602,-87.019,-73.584
-40.76,-77.852,-53.75
-44.572,-83.375,-63.053
-13.648,-99.357,-43.221
-52.369,-91.555,-74.533
-56.694,-71.05,-84.202
-51.8,-75.632,-64.361
-48.796,-87.306,-65.14
-15.66,-86.697,-42.178
-59.711,-71.693,-86.428
-14.089,-99.077,-43.761
-39.119,-90.141,-43.188
-53.86,-86.885,-66.623
-58.092,-68.313,-79.024
-18.453,-93.14,-43.716
-48.372,-79.945,-68.547
-46.492,-78.492,-70.971
-44.716,-76.405,-67.61
-47.665,-82.761,-51.674
-45.72,-92.24,-65.07
-20.246,-98.69,-44.146
-31.166,-86.198,-45.682
-44.108,-77.955,-71.211
-49.395,-81.422,-59.964
-29.373,-97.706,-47.346
-56.001,-69.527,-77.446
-49.626,-86.108,-70.236
-63.355,-67.231,-77.324
-62.662,-67.261,-76.73
-48.66,-82.937,-69.69
-13.006,-86.601,-31.383
-33.352,-94.807,-43.571
-53.659,-66.085,-81.878
-53.447,-78.871,-65.205
-21.817,-92.58,-42.068
-23.159,-99.27,-42.213
-54.703,-83.593,-68.028
-19.326,-99.227,-43.28
-17.339,-87.622,-40.567
-18.635,-96.482,-38.722
-52.101,-83.461,-61.476
-19.122,-99.886,-41.778
-37.11,-82.515,-45.529
-56.111,-65.416,-84.804
-59.277,-77.747,-69.795
-23.279,-96.43,-37.577
-18.825,-95.185,-41.451
-30.954,-88.987,-45.867
-49.181,-79.017,-55.027
-33.02,-85.009,-53.165
-35.887,-87.79,-45.862
-17.606,-99.633,-40.334
-50.845,-84.128,-69.999
-49.982,-90.427,-57.33
-46.403,-82.065,-56.453
-47.462,-79.644,-79.844
-46.949,-86.472,-66.532
-49.225,-88.788,-44.684
-61.45,-64.998,-85.953
-40.334,-87.626,-64.675
-33.525,-95.199,-44.884
-50.479,-85.901,-63.289
-51.523,-81.723,-60.208
-50.097,-65.701,-74.089
-43.398,-75.35,-61.383
-34.292,-95.911,-43.741
-59.235,-64.759,-74.912
-64.124,-72.882,-84.545
-54.4,-75.588,-70.704
-15.406,-93.938,-40.979
-53.637,-77.811,-68.923
-16.956,-94.302,-36.375
-33.336,-89.273,-44.391
-53.56,-73.109,-77.064
-48.387,-81.297,-65.267
-30.698,-88.846,-41.467
-43.628,-83.36,-59.019
-18.86,-94.141,-40.605
-54.452,-80.512,-68.817
-29.429,-93.063,-52.095
-20.358,-94.96,-36.828
-50.195,-80.9,-59.877
-43.983,-86.26,-62.285
-53.829,-67.198,-82.641
-46.444,-82.21,-71.408
-17.173,-98.791,-41.001
-62.944,-74.274,-79.186
-53.739,-79.123,-70.183
-65.232,-70.137,-83.26
-57.557,-62.003,-85.283
-38.694,-79.739,-58.529
-50.841,-66.749,-76.297
-46.819,-76.201,-59.289
-49.804,-81.899,-56.62
-49.289,-81.328,-61.887
-50.286,-77.419,-65.794
-44.075,-78.388,-53.548
-66.138,-63.967,-79.357
-55.795,-73.151,-81.148
-50.456,-85.838,-60.13
-33.203,-92.478,-44.502
-11.42,-90.223,-36.644
-54.202,-72.844,-76.158
-27.539,-96.389,-35.399
-54.787,-86.857,-63.522
-14.266,-93.743,-39.343
-40.486,-75.051,-71.342
-56.855,-69.958,-73.237
-54.291,-90.607,-58.022
-20.957,-96.818,-40.953
-47.846,-81.886,-72.875
-57.152,-69.758,-81.539
-45.144,-79.036,-59.808
-58.601,-76.453,-82.124
-58.012,-65.446,-87.308
-47.422,-84.506,-68.255
-45.793,-82.383,-57.752
-59.144,-60.104,-73.868
-17.908,-88.388,-44.781
-13.648,-100,-35.755
-43.387,-85.65,-77.624
-54.808,-70.233,-82.619
-55.68,-86.998,-61.713
-51.91,-82.19,-70.763
-51.941,-79.683,-60.195
-14.612,-100,-40.419
-53.084,-76.279,-59.253
-44.68,-78.781,-54.524
-22.901,-100,-39.196
-61.489,-66.109,-83.578
-27.489,-90.547,-51.065
-24.355,-100,-33.327
-45.443,-81.363,-56.53
-51.047,-84.783,-65.725
-47.707,-86.484,-54.911
-50.784,-85.381,-56.999
-34.633,-95.962,-44.969
-26.164,-96.669,-40.386
-27.749,-98.752,-48.727
-24.389,-96.357,-48.736
-43.451,-81.015,-65.4
-40.148,-85.421,-45.293
-51.429,-84.721,-67.838
-45.974,-87.589,-69.154
-48.66,-79.489,-63.585
-46.812,-77.879,-66.71
-40.337,-86.246,-61.534
-14.542,-96.71,-47.427
-59.845,-68.228,-83.077
-31.956,-83.494,-51.236
-53.469,-71.138,-88.051
-59.708,-64.633,-84.667
-19.446,-96.905,-41.552
-51.686,-81.678,-54.39
-59.146,-70.524,-75.58
-45.027,-85.678,-63.279
-52.687,-78.872,-62.373
-56.464,-67.162,-79.056
-27.538,-93.724,-43.971
-24.747,-95.731,-49.938
-20.164,-95.91,-44.271
-52.124,-75.618,-70.526
-46.283,-83.537,-55.988
-55.054,-77.939,-50.72
-18.426,-99.923,-34.296
-47.911,-84.625,-68.523
-45.805,-82.045,-71.188
-55.545,-86.061,-74.555
-30.065,-99.578,-44.509
-28.424,-93.119,-45.045
-46.773,-79.583,-75.296
-54.326,-68.594,-76.846
-19.757,-97.496,-42.894
-48.974,-85.61,-61.322
-59.868,-70.013,-82.615
-28.291,-89.662,-43.3
-57.08,-66.49,-83.819
-58.756,-69.048,-81.03
-57.735,-83.383,-69.845
-27.855,-90.853,-49.252
-33.466,-90.99,-43.686
-41.068,-76.492,-55.625
-22.591,-97.116,-41.808
-43.047,-84.785,-60.086
-22.387,-85.866,-45.138
-49.768,-84.974,-61.674
-56.015,-84.14,-68.735
-29.746,-91.363,-43.025
-42.442,-84.119,-55.076
-12.068,-97.259,-37.042
-17.841,-95.16,-45.273
-57.893,-68.659,-82.658
-25.392,-93.001,-44.816
-16.508,-93.224,-43.635
-32.006,-96.398,-45.499
-19.456,-100,-34.656
-57.57,-70.007,-80.343
-41.458,-88.879,-47.857
-24.642,-88.601,-52.163
-45.967,-84.388,-63.93
-17.41,-97.643,-47.853
-56.328,-68.368,-82.05
-44.1,-79.044,-58.292
-13.241,-100,-44.189
-24.164,-97.669,-40.492
-52.732,-85.395,-69.801
-55.551,-71.798,-80.193
-33.008,-92.72,-44.086
-47.093,-82.03,-75.116
-16.203,-93.156,-42.295
-52.674,-82.263,-68.601
-21.455,-95.408,-34.928
-45.673,-77.724,-49.815
-56.303,-80.825,-58.906
-53.177,-81.013,-55.03
-17.679,-94.064,-34.906
-53.769,-81.006,-70.112
-44.911,-85.775,-60.41
-46.525,-65.52,-87.484
-44.183,-84.405,-54.128
-30.48,-88.888,-51.768
-32.847,-91.337,-38.882
-43.386,-75.242,-67.744
-21.866,-89.875,-34.786
-43.21,-83.414,-57.545
-32.869,-93.597,-42.272
-55.168,-80.782,-72.502
-46.87,-77.942,-73.644
-17.502,-96.014,-37.185
-30.37,-89.162,-41.393
-31.674,-87.953,-45.405
-18.128,-89.66,-39.641
-57.07,-68.62,-84.712
-63.107,-65.13,-81.487
-55.964,-61.476,-79.041
-50.831,-81.367,-65.565
-48.482,-83.366,-75.954
-16.998,-94.678,-40.442
-26.651,-88.574,-44.264
-55.15,-61.148,-83.566
-47.906,-84.443,-64.981
-43.352,-79.502,-53.236
-29.355,-93.433,-44.798
-33.07,-87.101,-48.365
-15.539,-98.652,-36.155
-30.312,-93.356,-42.369
-52.908,-76.08,-73.985
-33.918,-91.461,-50.697
-49.98,-83.625,-60.699
-49.733,-89.69,-58.019
-45.076,-77.341,-64.051
-17.527,-89.151,-45.554
-52.094,-73.718,-83.694
-55.874,-67.905,-86.59
-52.378,-63.128,-80.198
-35.554,-89.652,-42.57
-55.093,-74.342,-76.453
-42.461,-79.44,-66.491
-15.256,-100,-40.897
-44.4,-82.124,-51.062
-54.5,-75.664,-82.966
-61.32,-74.016,-78.347
-58.356,-68.287,-79.877
-56.707,-76.56,-77.157
-17.764,-97.759,-39.069
-35.851,-92.788,-45.336
-52.231,-64.208,-81.607
-55.291,-64.562,-80.773
-59.172,-72.417,-81.226
-19.336,-96.413,-42.848
-30.76,-93.054,-48.317
-57.358,-70.494,-84.497
-25.726,-93.283,-35.624
-46.913,-82.387,-63
-22.893,-93.296,-32.177
-43.831,-83.571,-64.057
-28.37,-90.313,-47.625
-41.981,-83.028,-57.789
-51.087,-78.243,-66.64
-15.133,-96.168,-36.392
-55.915,-67.331,-86.733
-58.756,-68.017,-80.589
-28.089,-83.958,-41.161
-44.672,-84.823,-66.195
-20.846,-100,-37.36
-26.334,-88.978,-42.037
-45.698,-84.022,-60.88
-28.428,-93.44,-44.969
-48.28,-78.274,-75.026
-19.916,-100,-40.678
-56.236,-67.462,-84.811
-56.923,-64.755,-73.884
-44.704,-81.217,-62.018
-46.069,-86.197,-58.863
-18.029,-97.495,-38.603
-48.906,-78.316,-59.027
-27.137,-93.332,-45.538
-59.39,-72.224,-76.924
-50.841,-80.374,-72.901
-63.517,-66.181,-81.34
-50.408,-88.069,-64.828
-45.107,-75.499,-72.736
-50.535,-84.372,-67.619
-51.776,-86.47,-48.005
-28.391,-95.712,-38.871
-29.869,-91.808,-46.001
-53.527,-69.81,-78.092
-18.496,-92.974,-42.923
-18.53,-100,-28.238
-41.411,-85.443,-53.715
-44.355,-78.972,-72.095
-42.077,-93.188,-46.915
-55.278,-83.412,-65.098
-60.869,-67.696,-79.84
-48.812,-79.714,-54.256
-14.629,-98.517,-38.986
-43.1,-82.387,-61.734
-21.154,-98.091,-37.827
-22.63,-97.374,-46.104
-44.742,-82.577,-60.585
-53.779,-72.072,-78.22
-50.444,-86.66,-67.452
-54.173,-85.962,-70.71
-56.85,-81.188,-60.78
-26.046,-90.021,-42.469
-45.321,-75.486,-54.886
-40.684,-95.092,-48.964
-31.207,-90.61,-53.467
-61.051,-65.819,-82.858
-58.187,-70.078,-77.624
-54.038,-87.538,-69.364
-54.017,-78.781,-57.822
-31.473,-89.835,-38.599
-32.609,-88.732,-42.542
-49.732,-80.641,-67.934
-38.722,-82.772,-58.839
-23.625,-79.632,-46.083
-49.334,-85.753,-61.166
-16.251,-92.029,-39.655
-48.27,-80.506,-54.366
-23.158,-95.437,-38.262
-50.475,-81.117,-66.896
-32.409,-93.412,-50.334
-55.007,-69.045,-78.31
-51.749,-84.614,-60.928
-44.228,-93.34,-47.708
-31.001,-90.843,-48.106
-40.512,-81.101,-61.329
-22.432,-94.3,-35.291
-31.431,-92.449,-48.031
-60.503,-75.039,-88.503
-25.437,-95.38,-45.698
-21.905,-96.059,-37.479
-54.374,-85.842,-55.695
-54.839,-78.677,-66.037
-48.905,-89.768,-54.017
-25.063,-94.116,-46.507
-54.296,-67.729,-83.899
-18.743,-91.663,-43.16
-56.946,-80.751,-67.474
-63.619,-72.724,-85.879
-10.689,-98.103,-37.873
-23.818,-97.932,-46.216
-54.816,-88.497,-67.585
-60.917,-70.509,-79.639
-52.707,-83.694,-67.936
-19.2,-96.125,-39.381
-20.628,-100,-49.102
-30.773,-89.202,-37.241
-16.133,-94.16,-41.383
-27.125,-97.822,-39.367
-12.795,-99.657,-39.527
-44.914,-85.821,-58.035
-37.968,-88.668,-45.664
-28.887,-93.017,-39.563
-10,-98.117,-38.535
-40.391,-78.714,-65.208
-49.273,-84.008,-52.689
-59.438,-66.232,-76.183
-54.507,-62.78,-75.475
-43.102,-83.279,-72.135
-59.948,-68.396,-84.503
-18.075,-85.985,-44.179
-19.921,-96.422,-37.271
-14.246,-92.616,-48.646
-16.531,-100,-34.447
-35.136,-85.539,-45.087
-26.793,-95.247,-43.507
-64.645,-74.561,-86.515
-60.759,-68.77,-91.421
-56.152,-68.551,-81.861
-32.548,-97.541,-43.988
-56.342,-70.36,-78.817
-29.777,-86.202,-53.986
-42.666,-89.898,-60.235
-35.493,-97.357,-42.229
-50.065,-84.8,-73.016
-51.375,-71.829,-78.775
-28.064,-93.503,-46.775
-16.748,-94.825,-46.265
-30.632,-85.93,-46.787
-18.871,-100,-37.99
-54.482,-59.222,-86.124
-23.255,-92.634,-37.7
-18.907,-94.879,-40.904
-55.46,-85.153,-65.999
-46.216,-79.082,-59.186
-54.626,-85.957,-70.885
-16.86,-97.675,-42.306
-17.648,-94.783,-37.085
-48.371,-83.265,-69.497
-46.666,-79.766,-69.888
-37.207,-95.581,-48.694
-55.421,-71.728,-76.786
-53.969,-68.121,-87.042
-54.69,-69.071,-81.642
-35.706,-89.4,-51.57
-22.906,-90.042,-34.555
-54.533,-65.851,-81.849
-16.786,-94.275,-45.056
-17.607,-100,-40.08
-59.03,-77.233,-74.337
-45.727,-85.396,-68.859
-47.957,-79.332,-67.196
-20.485,-90.907,-47.387
-60.634,-70.36,-82.765
-58.035,-67.172,-75.827
-55.882,-70.397,-79.695
-33.978,-92.316,-47.472
-51.876,-69.43,-81.454
-56.893,-74.012,-75.155
-14.185,-90.189,-34.229
-14.23,-99.432,-43.424
-51.226,-76.4,-68.478
-52.784,-73.803,-71.505
-19.085,-97.372,-48.189
-45.883,-85.401,-47.602
-31.857,-88.345,-40.182
-15.265,-94.402,-37.455
-19.373,-93.942,-39.129
-63.594,-69.339,-82.387
-32.304,-92.422,-44.925
-57.094,-64.085,-85.264
-48.971,-83.392,-56.712
-51.793,-84.66,-65.067
-31.364,-91.891,-49.363
-58.927,-70.347,-78.387
-48.283,-75.045,-73.594
-27.723,-89.396,-48.614
-51.001,-77.031,-75.946
-55.065,-79.591,-74.683
-18.096,-93.946,-32.238
-55.829,-70.347,-82.134
-49.012,-82.467,-60.515
-43.036,-84.14,-62.879
-20.582,-93.699,-43.163
-22.146,-96.16,-34.876
-49.139,-82.709,-69.392
-51.401,-84.817,-68.746
-29.141,-96.495,-51.828
-34.542,-95.081,-45.243
-18.721,-96.507,-41.469
-56.026,-69.277,-81.455
-47.033,-78.606,-58.003
-52.886,-78.475,-82.957
-47.307,-82.164,-60.236
-14.808,-100,-32.556
-66.589,-66.837,-80.277
-54.398,-81.806,-55.915
-54.496,-85.361,-60.244
-17.283,-100,-38.275
-44.837,-79.986,-59.349
-34.009,-90.003,-43.526
-18.787,-95.505,-38.428
-36.358,-96.492,-43.767
-54.462,-71.967,-80.567
-48.204,-86.462,-59.398
-58.938,-61.452,-78.979
-42.282,-80.031,-71.292
-22.75,-97.752,-39.984
-59.165,-73.161,-77.994
-19.717,-93.512,-43.161
-59.822,-65.682,-82.672
-47.023,-83.489,-61.025
-50.071,-79.287,-63.843
-19.702,-97.47,-47.469
-50.285,-82.89,-69.724
-26.098,-87.168,-46.824
-28.144,-89.009,-42.391
-55.014,-68.613,-86.965
-41.841,-84.924,-74.046
-49.252,-86.545,-61.006
-33.113,-87.412,-46.731
-37.945,-98.96,-45.688
-42.49,-81.253,-64.14
-34.552,-98.14,-47.237
-49.476,-79.138,-55.253
-47.306,-80.917,-57.178
-30.895,-87.385,-43.736
-34.454,-97.754,-45.473
-50.868,-82.011,-66.412
-52.509,-80.721,-63.852
-18.085,-94.689,-43.068
-48.168,-78.314,-54.271
-50.174,-87.508,-66.296
-50.152,-85.43,-58.303
-59.355,-74.916,-80.913
-55.12,-68.879,-76.069
-53.894,-80.607,-74.324
-18.225,-93.214,-36.338
-34.028,-86.284,-36.454
-26.132,-100,-32.112
-33.435,-91.173,-44.175
-22.737,-90.765,-36.524
-42.226,-81.545,-61.005
-30.542,-93.896,-45.714
-64.141,-63.993,-81.98
-17.318,-96.784,-42.223
-13.211,-91.888,-38.392
-54.927,-75.507,-58.682
-29.201,-93.741,-46.507
-46.835,-80.384,-61.27
-60.543,-66.805,-77.486
-61.539,-63.6,-76.696
-53.107,-84.345,-69.722
-35.286,-92.308,-43.853
-49.397,-78.377,-70.221
-31.394,-92.514,-44.214
-23.849,-91.684,-46.387
-60.106,-73.352,-81.969
-48.649,-79.412,-69.031
-47.427,-77.389,-60.99
-51.925,-70.254,-74.292
-47.629,-79.417,-72.211
-57.276,-65.683,-78.596
-63.106,-66.579,-76.645
-49.736,-79.509,-63.925
-41.748,-82.473,-52.127
-43.766,-81.215,-61.006
-25.873,-92.317,-46.852
-21.501,-97.996,-31.25
-29.715,-86.466,-41.144
-19.307,-94.488,-34.017
-29.921,-90.293,-46.459
-51.014,-88.165,-72.199
-15.53,-88.779,-37.007
-33.773,-97.163,-43.52
-49.514,-74.831,-57.701
-18.527,-100,-40.62
-50.719,-65.269,-72.31
-29.798,-91.14,-48.116
-49.408,-82.681,-64.796
-57.779,-70.515,-84.028
-12.461,-97.065,-44.385
-62.933,-68.421,-79.987
-52.172,-62.589,-83.539
-19.605,-100,-45.947
-31.724,-89.612,-50.852
-33.471,-93.689,-49.629
-55.41,-75.607,-77.287
-14.657,-100,-46.088
-50.38,-89.903,-69.819
-56.858,-62.094,-87.443
-31.375,-85.38,-46.059
-30.513,-87.49,-38.807
-23.263,-97.95,-45.614
-26.484,-95.235,-46.449
-28.993,-94.1,-40.569
-20.804,-96.529,-41.867
-55.501,-77.558,-75.804
-25.538,-91.635,-43.148
-49.898,-89.478,-59.311
-39.528,-81.887,-56.755
-61.401,-69.746,-87.275
-18.719,-98.921,-39.002
-18.751,-94.695,-38.795
-48.797,-80.508,-70.495
-37.324,-97.928,-46.255
-51.962,-74.988,-82.682
-43.72,-83.455,-54.981
-49.3,-82.131,-67.702
-66.274,-68.773,-82.916
-35.48,-92.833,-39.271
-54.735,-61.894,-83.055
-23.215,-95.062,-45.79
-18.523,-100,-34.902
-55.861,-74.487,-81.393
-37.618,-84.172,-57.297
-38.645,-94.02,-42.422
-31.13,-89.674,-44.948
-43.776,-84.298,-56.366
-51.224,-62.595,-87.456
-49.034,-85.338,-67.855
-50.372,-79.021,-61.083
-52.341,-82.543,-63.541
-18.59,-98.299,-32.687
-50.228,-72.351,-80.907
-44.431,-85.884,-56.981
-20.112,-97.828,-33.777
-30.784,-95.73,-45.546
-51.915,-83.432,-62.882
-43.83,-76.319,-66.194
-48.952,-80.214,-54.7
-42.153,-85.474,-61.617
-22.292,-90.913,-40.128
-45.745,-80.94,-70.589
-33.032,-93.289,-48.988
-48.086,-78.619,-54.195
-50.388,-82.089,-66.036
-43.302,-84.336,-78.236
-22.009,-90.722,-46.587
-46.775,-81.969,-57.054
-26.914,-90.423,-44.95
-53.689,-84.999,-70.978
-57.791,-74.533,-84.624
-47.239,-83.855,-55.787
-56.165,-59.885,-82.489
-57.535,-66.608,-81.547
-31.019,-82.623,-49.614
-49.354,-79.416,-63.477
-30.423,-86.708,-49.067
-22.201,-94.852,-40.994
-15.294,-92.107,-42.658
-60.525,-64.84,-80.91
-44.446,-85.768,-49.945
-60.238,-63.112,-75.82
-31.088,-93.49,-48.941
-50.734,-80.252,-61.002
-47.344,-80.668,-57.241
-30.275,-94.45,-40.024
-40.354,-83.306,-70.388
-46.963,-89.548,-58.551
-15.011,-97.226,-36.465
-32.481,-96.724,-44.507
-35.32,-95.783,-47.894
-16.279,-97.722,-39.121
-50.571,-83.475,-62.774
-30.853,-90.441,-52.255
-15.632,-94.562,-40.952
-32.196,-86.121,-47.644
-58.83,-68.89,-78.526
-44.431,-82.35,-68.705
-54.997,-86.814,-57.623
-46.512,-87.528,-67.304
-45.786,-86.662,-56.706
-22.025,-99.532,-43.968
-41.177,-83.066,-51.674
-51.708,-68.54,-78.597
-57.553,-72.436,-80.018
-32.286,-87.949,-45.01
-48.692,-88.452,-70.899
-49.308,-85.147,-62.908
-56.332,-84.986,-66.131
-54.698,-66.305,-83.38
-56.14,-65.78,-77.332
-59.646,-74.074,-83.011
-40.575,-91.02,-50.779
-54.727,-78.941,-54.676
-26.912,-89.089,-43.905
-57.214,-71.437,-85.716
-50.794,-84.799,-50.657
-32.259,-95.283,-45.604
-53.321,-58.915,-83.974
-30.77,-89.351,-49.663
-44.979,-92.631,-55.981
-10.594,-95.882,-40.46
-48.023,-82.584,-57.853
-59.918,-71.758,-78.798
-37.787,-94.802,-45.163
-20.291,-97.435,-42.282
-50.78,-89.998,-74.06
-54.586,-64.865,-84.173
-28.154,-89.111,-56.353
-53.053,-65.681,-76.035
-49.801,-83.509,-71.713
-13.107,-100,-44.885
-14.51,-96.247,-45.298
-45.298,-80.204,-59.276
-35.574,-98.68,-37.197
-38.123,-95.645,-38.303
-42.845,-82.705,-61.653
-40.11,-91.988,-44.386
-54.276,-81.243,-62.43
-33.525,-88.97,-38.24
-49.886,-93.062,-57.471
-31.607,-87.729,-38.102
-52.791,-70.586,-73.796
-29.467,-94.078,-42.562
-44.943,-82.712,-58.88
-52.047,-71.766,-76.145
-56.137,-81.498,-64.94
-29.479,-89.878,-41.011
-44.108,-77.285,-62.495
-30.993,-96.784,-43.518
-33.86,-96.422,-49.03
-48.853,-87.825,-68.89
-45.903,-77.919,-70.356
-48.458,-88.614,-66.28
-52.317,-83.57,-73.361
-53.036,-70.032,-81.86
-31.21,-90.743,-42.225
-12.296,-97.247,-39.307
-23.151,-88.875,-46.13
-33.538,-91.18,-39.899
-24.293,-88.656,-48.378
-49.841,-63.783,-78.372
-46.854,-77.755,-70.97
-33.211,-87.417,-48.687
-16.996,-98.832,-38.543
-30.022,-91.407,-49.455
-62.588,-66.526,-85.41
-51.82,-80.872,-69.001
-18.875,-92.584,-43.203
-48.77,-86.865,-71.109
-47.853,-79.677,-60.911
-51.125,-83.819,-59.511
-21.525,-90.418,-37.653
-52.825,-80.574,-74.327
-37.513,-86.603,-40.026
-54.635,-73.031,-81.5
-48.656,-85.838,-70.222
-58.55,-70.552,-76.441
-59.741,-71.758,-81.19
-45.053,-81.692,-55.938
-24.962,-92.958,-49.533
-47.189,-80.727,-65.72
-57.931,-63.122,-81.064
-56.986,-68.464,-84.234
-13.777,-97.973,-38.334
-51.166,-90.779,-68.312
-45.275,-74.8,-60.995
-57.112,-68.778,-83.035
-52.954,-84.29,-54.178
-22.176,-100,-39.722
-46.485,-81.767,-49.578
-31.494,-96.451,-41.32
-10.27,-96.384,-32.184
-46.809,-78.961,-58.824
-30.655,-92.737,-50.32
-23.76,-98.549,-37.465
-58.083,-73.337,-80.739
-57.428,-68.973,-79.194
-57.172,-68.885,-73.708
-26.433,-88.714,-42.839
-55.618,-75.328,-84.034
-58.264,-63.777,-83.532
-49.594,-86.425,-49.554
-48.102,-77.838,-68.922
-14.638,-92.553,-36.012
-50.631,-71.622,-80.219
-33.167,-81.17,-43.661
-42.824,-79.249,-55.044
-34.335,-90.48,-53.642
-46.356,-85.888,-67.621
-36.909,-92.647,-43.995
-46.001,-91.393,-49.824
-32.67,-92.39,-53.152
-34.27,-96.321,-56.886
-13.631,-90.6,-42.855
-35.346,-91.49,-38.904
-44.159,-81.753,-61.895
-44.955,-80.866,-67.957
-54.125,-62.475,-80.454
-36.441,-97.857,-48.302
-43.684,-76.455,-58.953
-19.726,-91.104,-52.887
-24.744,-85.142,-51.632
-47.55,-84.177,-62.213
-22.357,-94.501,-34.23
-45.82,-80.727,-55.486
-48.037,-78.203,-67.703
-56.614,-85.867,-67.674
-59.641,-74.483,-84.388
-54.59,-78.52,-55.718
-41.689,-83.963,-58.552
-46.072,-82.253,-70.199
-20.329,-90.935,-38.829
-46.138,-89.008,-57.309
-43.103,-86.259,-53.485
-12.595,-92.656,-49.521
-46.769,-80.528,-61.967
-48.936,-82.108,-59.752
-30.484,-90.754,-47.051
-47.445,-76.046,-60.015
-50.246,-87.686,-54.601
-58.871,-69.75,-85.101
-58.785,-68.914,-77.912
-14.193,-90.82,-44.006
-68.498,-63.083,-79.57
-30.519,-96.037,-41.653
-27.974,-96.623,-43.635
-51.052,-84.635,-66.558
-44.518,-83.603,-62.606
-60.196,-70.282,-80.684
-56.367,-69.584,-72.563
-34.735,-94.578,-39.34
-15.173,-92.148,-35.736
-50.263,-86.267,-70.224
-55.437,-85.142,-57.446
-49.535,-81.106,-55.152
-46.956,-83.225,-73.173
-50.344,-82.846,-75.33
-47.509,-85.07,-61.881
-15.434,-96.844,-47.289
-58.414,-60.852,-85.301
-54.649,-72.371,-81.173
-48.093,-88.122,-56.917
-50.913,-86.898,-55.799
-36.422,-85.016,-59.76
-33.259,-93.872,-41.612
-55.667,-64.579,-83.16
-50.774,-82.749,-60.867
-39.649,-95.609,-49.014
-51.422,-87.263,-64.297
-50.027,-78.762,-76.621
-14.572,-87.039,-41.074
-50.549,-79.193,-68.707
-47.491,-87.993,-55.017
-20.038,-90.334,-37.635
-15.013,-94.367,-34.229
-43.825,-82.366,-61.153
-37.496,-88.354,-52.712
-27.706,-89.634,-39.634
-46.298,-86.762,-58.197
-43.432,-76.586,-67.01
-54.869,-77.042,-61.029
-49.982,-80.474,-68.162
-45.593,-78.839,-63.505
-12.709,-94.29,-37.636
-62.765,-73.778,-83.759
-56.255,-68.652,-81.006
-26.652,-89.25,-54.26
-50.235,-77.748,-57.499
-27.498,-96.556,-47.064
-45.712,-87.249,-53.875
-35.611,-88.286,-48.081
-59.508,-67.721,-84.995
-48.208,-82.618,-67.952
-15.207,-86.565,-44.397
-50.244,-85.907,-54.613
-48.238,-77.436,-65.604
-53.815,-79.71,-73.218
-25.891,-92.258,-39.372
-50.306,-79.472,-72.097
-54.741,-68.225,-75.53
-23.848,-100,-36.194
-22.684,-94.85,-41.689
-53.115,-81.908,-70.443
-20.75,-91.258,-39.904
-60.351,-68.223,-77.646
-52.251,-80.8,-55.011
-57.57,-69.79,-86.511
-51.483,-76.368,-63.423
-64.821,-67.837,-75.968
-57.934,-76.236,-73.796
-52.805,-82.923,-55.355
-16.054,-96.534,-40.776
-33.674,-86.765,-44.983
-48.033,-85.319,-60.797
-47.07,-82.421,-53.324
-21.933,-91.78,-44.093
-15.907,-100,-34.601
-57.133,-67.892,-84.895
-52.788,-84.528,-75.052
-45.092,-81.029,-68.619
-55.959,-64.415,-81.881
-59.234,-65.307,-75.291
-18.077,-96.604,-42.507
-27.509,-88.804,-40.62
-23.487,-100,-39.625
-20.245,-99.519,-35.037
-40.587,-82.281,-52.936
-45.354,-84.239,-53.396
-62.38,-65.277,-77.934
-13.106,-97.523,-51.857
-53.225,-75.251,-71.71
-17.564,-94.608,-39.794
-58.157,-69.353,-82.916
-14.683,-95.084,-41.324
-47.277,-84.663,-62.094
-46.175,-85.142,-68.57
-33.37,-92.776,-41.593
-51.841,-77.987,-64.158
-64.562,-66.502,-83.674
-57.474,-75.502,-75.655
-20.811,-99.863,-43.913
-51.318,-90,-75.477
-23.056,-97.069,-41.168
-30.68,-92.143,-44.596
-46.305,-78.029,-55.876
-26.289,-92.699,-49.332
-57.962,-64.081,-78.468
-41.679,-77.058,-60.288
-50.92,-86.728,-61.42
-18.775,-96.543,-37.932
-55.017,-65.914,-83.372
-13.087,-95.726,-44.678
-22.673,-100,-42.704
-52.736,-83.153,-58.746
-50.181,-78.428,-55.732
-58.872,-60.918,-80.63
-59.671,-77.99,-79.661
-24.116,-100,-42.655
-42.99,-85.79,-61.243
-59.28,-70.3,-77.73
-28.496,-83.194,-37.221
-51.522,-81.05,-67.354
-42.982,-86.692,-64.751
-48.303,-77.406,-53.274
-34.89,-83.35,-39.457
-54.15,-79.492,-66.988
-18.475,-91.852,-47.133
-34.443,-85.979,-43.02
-45.526,-79.878,-61.284
-61.415,-72.47,-78.608
-39.635,-89.179,-37.548
-59.628,-67.852,-83.72
-52.508,-82.675,-69.142
-30.747,-90.695,-44.401
-20.158,-94.929,-39.148
-33.168,-90.065,-43.598
-57.02,-66.526,-85.718
-36.518,-92.523,-47.952
-43.751,-84.112,-77.541
-52.37,-70.577,-82.243
-50.634,-75.493,-71.595
-26.544,-90,-52.999
-49.152,-80.784,-62.765
-50.842,-77.488,-68.329
-31.686,-95.274,-44.67
-42.993,-85.362,-52.726
-48.183,-78.588,-77.713
-28.646,-88.092,-41.141
-22.625,-94.808,-38.379
-43.916,-78.197,-56.617
-49.762,-76.971,-56.991
-52.121,-71.427,-83.214
-41.58,-81.502,-57.033
-16.532,-100,-47.16
-56.367,-65.924,-80.526
-48.796,-82.979,-53.591
-19.279,-96.569,-41.947
-44.114,-83.441,-55.561
-37.189,-93.162,-55.086
-43.437,-79.712,-58.208
-55.433,-85.263,-53.453
-47.474,-82.741,-60.425
-55.787,-65.284,-75.521
-30.241,-88.014,-47.469
-33.67,-86.935,-42.571
-42.387,-84.323,-52.706
-62.629,-69.383,-80.418
-53.357,-86.149,-69.022
-45.819,-76.341,-60.102
-51.521,-84.93,-66.655
-59.945,-72.746,-76.017
-40.763,-91.511,-53.882
-26.537,-97.521,-51.326
-11.605,-91.942,-35.098
-41.084,-80.828,-63.095
-32.941,-92.261,-48.513
-59.079,-69.896,-81.594
-48.405,-84.819,-57.739
-33.988,-90.5,-45.503
-18.531,-92.587,-41.188
-59.642,-67.394,-82.734
-62.312,-62.834,-77.708
-54.993,-65.294,-77.663
-28.551,-87.368,-47.172
-52.751,-83.165,-66.084
-27.351,-95.536,-44.468
-67.698,-70.917,-88.063
-34.131,-92.398,-40.143
-22.348,-98.335,-36.18
-48.659,-81.856,-54.742
-27.649,-95.271,-41.319
-33.445,-91.316,-50.495
-53.635,-80.669,-67.926
-33.294,-92.567,-44.944
-41.416,-93.169,-46.126
-17.412,-92.263,-31.866
-18.094,-98.241,-43.108
-25.97,-88.226,-37.501
-32.838,-95.415,-40.636
-60.611,-69.816,-84.391
-58.232,-70.333,-87.748
-51.909,-84.004,-69.517
-12.168,-91.89,-45.184
-30.496,-81.366,-39.699
-35.71,-94.012,-45.502
-31.348,-88.782,-46.584
-18.413,-95.248,-30.875
-23.453,-93.144,-37.239
-32.121,-96.024,-50.706
-28.971,-85.209,-43.947
-29.122,-96.696,-44.524
-50.772,-82.267,-71.106
-55.792,-68.392,-82.457
-44.043,-84.558,-71.498
-58.679,-70.721,-85.757
-48.84,-74.925,-57.54
-24.172,-98.369,-43.107
-63.306,-75.684,-83.817
-48.934,-84.72,-71.636
-55.61,-70.616,-80.801
-50.507,-86.852,-66.902
-48.318,-78.264,-75.784
-30.953,-91.815,-43.215
-22.56,-97.966,-37.658
-33.225,-93.199,-53.604
-47.367,-88.258,-69.812
-19.581,-95.923,-41.561
-50.954,-77.513,-67.414
-16.651,-94.848,-46.066
-45.12,-85.538,-54.478
-17.938,-94.691,-38.898
-58.621,-69.545,-81.207
-55.721,-69.581,-82.324
-33.855,-83.196,-45.113
-41.328,-82.787,-71.555
-15.44,-94.53,-43.757
-11.637,-96.866,-37.691
-27.913,-97.265,-52.31
-46.999,-84.823,-72.297
-15.608,-97.932,-38.774
-51.621,-83.352,-54.017
-56.479,-73.61,-77.874
-32.401,-95.212,-46.281
-19.997,-98.241,-35.713
-49.481,-82.298,-71.894
-59.033,-71.678,-81.668
-52.701,-80.687,-77.352
-62.222,-73.199,-83.918
-22.877,-97.629,-41.756
-16.895,-99.066,-40.192
-49.453,-85.065,-54.694
-31.856,-93.258,-49.889
-46.845,-84.401,-71.643
-50.045,-84.631,-59.591
-45.488,-75.9,-61.817
-41.281,-77.566,-65.866
-17.467,-90.011,-44.847
-63.754,-69.619,-75.979
-33.58,-99.99,-50.42
-50.382,-81.102,-71.871
-30.009,-94.263,-50.27
-36.784,-96.407,-50.594
-11.843,-100,-38.674
-61.762,-63.752,-76.366
-51.194,-76.576,-61.616
-19.467,-94.255,-40.437
-50.037,-76.759,-69.628
-18.228,-93.847,-39.322
-36.615,-93.978,-45.926
-52.593,-80.435,-57.846
-33.456,-96.26,-44.78
-48.639,-80.472,-64.29
-21.701,-95.595,-37.558
-51.012,-76.814,-68.038
-34.941,-97.994,-49.383
-33.959,-90.01,-46.506
-30.339,-87.593,-52.773
-46.83,-83.383,-57.551
-16.445,-85.76,-33.52
-38.311,-82.139,-66.921
-53.752,-68.75,-90.368
-36.786,-93.936,-54.77
-51.344,-79.7,-74.087
-46.191,-88.938,-54.631
-30.456,-84.676,-44.916
-54.33,-65.873,-85.15
-12.196,-94.216,-32.946
-19.462,-88.099,-38.885
-49.781,-77.158,-72.161
-42.068,-78.454,-57.835
-47.776,-82.73,-63.016
-58.42,-76.007,-75.84
-50.555,-86.189,-68.008
-19.707,-96.451,-45.593
-36.159,-94.76,-43.95
-46.285,-77.767,-57.871
-22.744,-96.635,-40.745
-53.868,-79.134,-69.72
-49.63,-82.597,-72.04
-45.76,-81.812,-72.481
-39.073,-93.435,-42.954
-29.323,-90.025,-52.56
-52.825,-80.656,-64.123
-54.27,-81.684,-71.43
-16.211,-92.721,-41.466
-43.667,-74.608,-68.148
-18.819,-97.437,-42.177
-48.359,-83.397,-67.253
-57.352,-66.628,-81.586
-54.058,-83.893,-59.168
-59.051,-64.572,-82.012
-48.263,-88.406,-61.332
-55.024,-63.936,-82.264
-53.963,-84.146,-67.08
-45.937,-79.429,-50.452
-50.332,-87.245,-50.717
-29.014,-80.133,-41.696
-52.69,-79.801,-68.461
-58.955,-62.721,-80.043
-34.462,-85.587,-46.102
-53.029,-78.661,-61.664
-52.597,-79.02,-85.622
-43.825,-86.079,-54.898
-44.957,-87.703,-53.594
-12.506,-96.461,-44.022
-33.826,-98.463,-38.864
-50.274,-80.617,-61.032
-49.096,-83.404,-59.74
-46.531,-80.358,-68.016
-30.64,-94.041,-45.805
-45.278,-85.473,-65.366
-19.331,-98.024,-37.939
-46.292,-80.8,-52.062
-22.822,-100,-39.519
-45.724,-77.727,-61.243
-56.002,-73.504,-77.234
-30.52,-91.982,-45.031
-15.869,-95.521,-34.587
-20.581,-95.082,-34.63
-41.95,-84.956,-56.621
-43.503,-86.54,-49.501
-11.413,-97.097,-49.68
-26.042,-83.911,-34.801
-37.438,-91.927,-44.429
-34.111,-94.875,-46.107
-58.295,-73.196,-75.755
-41.697,-92.947,-49.786
-16.378,-98.319,-38.479
-56.163,-70.793,-77.181
-57.18,-73.737,-78.65
-51.209,-79.821,-55.881
-41.358,-85.489,-61.71
-41.041,-78.461,-56.91
-53.342,-77.917,-72.006
-14.817,-92.929,-46.599
-26.463,-95.046,-44.112
-34.822,-87.049,-50.841
-51.163,-83.89,-62.437
-31.987,-86.972,-48.557
-53.375,-84.802,-72.882
-50.296,-81.301,-66.185
-43.641,-81.45,-56.383
-58.28,-67.558,-85.477
-19.896,-95.951,-40.705
-42.985,-92.332,-64.145
-57.972,-66.119,-83.061
-26.081,-95.06,-45.207
-14.614,-93.641,-42.524
-46.119,-82.247,-59.392
-60.923,-63.122,-73.827
-48.61,-83.409,-71.504
-54.099,-83.212,-75.676
-43.905,-89.833,-65.286
-51.483,-67.113,-80.711
-34.592,-91.041,-51.035
-50.445,-86.735,-68.529
-26.5,-91.919,-45.413
-34.993,-98.964,-41.709
-49.375,-72.739,-73.109
-56.423,-85.929,-70.288
-17.038,-87.997,-39.98
-15.303,-96.114,-40.789
-57.027,-63.549,-83.05
-44.704,-88.446,-57.511
-30.246,-91.353,-46.86
-50.217,-82.511,-69.941
-40.992,-76.628,-67.283
-48.737,-81.975,-55.995
-29.025,-93.723,-45.755
-26.758,-98.438,-44.778
-33.457,-91.718,-41.066
-26.754,-88.264,-48.229
-58.45,-73.95,-77.785
-16.268,-94.871,-33.338
-20.298,-100,-41.779
-22.117,-93.255,-39.563
-46.568,-89.971,-55.594
-23.55,-97.76,-36.943
-66.347,-67.733,-83.653
-30.902,-94.949,-40.895
-22.939,-96.848,-41.812
-51.741,-80.932,-70.898
-47.279,-80.269,-72.987
-46.498,-72.815,-67.313
-57.74,-61.825,-78.389
-51.768,-82.814,-70.327
-62.238,-72.319,-78.587
-50.126,-87.954,-62.919
-59.587,-65.263,-84.466
-31.186,-95.989,-37.04
-57.796,-61.339,-83.073
-54.386,-77.649,-62.313
-49.309,-85.377,-54.64
-32.276,-98.217,-49.966
-44.946,-79.849,-54.03
-32.071,-88.745,-40.466
-12.968,-96.952,-43.664
-33.519,-89.354,-48.686
-55.908,-67.969,-77.421
-59.845,-82.233,-67.538
-11.201,-100,-36.683
-22.052,-96.752,-39.136
-17.593,-99.508,-44.572
-26.74,-98.147,-45.186
-42.348,-90.247,-60.672
-53.883,-74.767,-86.011
-47.885,-88.576,-69.317
-10,-100,-41.897
-47.802,-85.235,-61.259
-10.111,-99.466,-40.282
-19.265,-90.868,-36.473
-51.018,-81.085,-55.925
-16.476,-99.003,-45.983
-21.558,-88.073,-51.665
-48.157,-81.033,-50.841
-20.355,-92.158,-40.262
-50.848,-86.836,-68.146
-31.008,-92.178,-48.469
-15.626,-91.846,-32.441
-52.155,-82.996,-55.575
-49.741,-80.293,-51.215
-63.562,-68.506,-82.409
-47.7,-76.768,-67.601
-49.308,-86.246,-74.634
-54.495,-70.126,-84.07
-29.03,-90.833,-47.17
-61.966,-63.016,-84.09
-20.02,-91.719,-44.636
-51.322,-72.235,-82.324
-63.188,-64.926,-80.343
-57.94,-76.419,-80.952
-47.812,-79.296,-67.847
-56.614,-79.902,-67.721
-20.455,-88.039,-44.064
-40.876,-85.461,-60.198
-43.19,-82.115,-60.12
-52.417,-80.715,-53.755
-46.045,-83.558,-54.939
-57.643,-73.916,-72.756
-43.337,-90.609,-58.644
-60.706,-63.692,-87.336
-53.538,-73.463,-76.757
-55.412,-63.685,-86.258
-28.629,-88.767,-46.603
-59.389,-72.537,-79.168
-49.426,-66.458,-83.735
-30.899,-91.823,-46.194
-43.87,-80.396,-76.26
-31.774,-97.4,-44.64
-56.827,-66.916,-75.792
-48.137,-83.567,-69.626
-59.594,-71.002,-87.392
-33.643,-94.072,-42.346
-16.668,-99.66,-39.529
-22.275,-93.05,-32.598
-17.398,-95.089,-36.665
-14.956,-94.251,-40.926
-21.335,-91.541,-41.944
-49.784,-84.094,-68.801
-33.727,-89.606,-41.719
-57.659,-72.273,-85.069
-57.118,-68.933,-80.425
-39.182,-90.503,-51.311
-22.65,-90.86,-40.312
-33.424,-91.876,-42.939
-24.561,-95.884,-33.619
-62.068,-65.875,-84.763
-48.386,-83.564,-72.299
-19.748,-90.119,-40.576
-18.455,-96.361,-43.475
-47.859,-78.363,-50.353
-18.753,-98.926,-46.209
-56.669,-67.439,-79.341
-48.241,-84.358,-62.035
-56.783,-71.914,-78.097
-19.666,-96.287,-44.112
-46.071,-81.157,-58.992
-44.799,-91.16,-49.417
-26.584,-96.166,-40.865
-34.832,-88.11,-51.291
-55.43,-70.566,-80.153
-45.821,-83.405,-57.325
-35.157,-77.949,-53.742
-17.46,-100,-38.635
-62.373,-71.407,-87.192
-53.13,-66.414,-83.66
-56.156,-67.334,-83.936
-54.792,-82.774,-63.753
-54.166,-78.474,-71.913
-47.324,-86.851,-60.296
-57.203,-85.326,-68.391
-45.241,-77.817,-64.177
-43.495,-79.911,-56.389
-15.842,-96.513,-37.733
-47.452,-85.447,-51.517
-50.991,-85.908,-70.3
-43.024,-76.863,-67.628
-31.031,-89.028,-45.222
-24.888,-96.508,-41.415
-15.088,-88.679,-42.102
-58.56,-61.239,-77.269
-28.797,-94.05,-42.388
-49.524,-76.226,-59.106
-19.985,-92.665,-39.02
-18.358,-86.167,-36.595
-29.172,-93.034,-47.854
-15.613,-94.355,-41.832
-19.024,-90.91,-37.671
-41.817,-77.78,-69.877
-33.042,-94.83,-45.629
-54.289,-69.258,-75.546
-22.224,-94.599,-43.355
-16.135,-92.164,-45.705
-41.405,-78.251,-62.772
-33.502,-92.165,-42.241
-55.636,-83.614,-68.588
-43.901,-81.643,-69.882
-22.565,-97.907,-39.879
-51.38,-84.002,-75.248
-36.632,-92.226,-47.922
-53.541,-81.477,-74.78
-21.597,-88.445,-41.054
-52.905,-62.025,-82.349
-52.654,-80.664,-66.887
-45.992,-91.019,-56.638
-55.314,-85.453,-74.649
-32.161,-90.901,-42.745
-43.792,-79.045,-67.254
-35.02,-82.828,-47.905
-45.931,-81.96,-69.524
-18.313,-92.753,-35.841
-15.47,-98.603,-36.553
-30.385,-86.807,-40.177
-50.578,-84.561,-65.622
-45.672,-82.179,-55.083
-46.942,-81.763,-68.311
-61.495,-68.501,-80.429
-31.581,-91.782,-48.609
-20.977,-100,-39.992
-49.987,-76.021,-50.592
-23.841,-94.687,-48.357
-47.687,-83.595,-62.505
-11.983,-93.001,-41.203
-59.227,-74.481,-80.835
-53.07,-80.614,-68.269
-20.335,-98.03,-47.445
-49.841,-80.899,-57.131
-18.189,-95.957,-37.171
-58.126,-73.525,-75.11
-46.745,-82.939,-71.076
-57.281,-66.959,-81.562
-17.056,-93.984,-31.673
-45.72,-78.463,-74.029
-18.599,-92.594,-42.171
-16.142,-95.914,-37.854
-65.845,-64.411,-78.887
-30.178,-84.755,-43.733
-45.448,-74.935,-59.278
-55.514,-69.649,-82.887
-47.253,-87.692,-43.521
-34.894,-90.345,-38.555
-33.703,-90.524,-46.967
-42.034,-84.628,-53.861
-48.285,-80.192,-70.196
-29.998,-95.787,-46.898
-47.956,-84.878,-70.502
-14.737,-93.694,-38.865
-56.099,-77.712,-85.051
-40.021,-85.991,-52.308
-44.338,-91.492,-56.223
-46.36,-83.099,-60.985
-62.475,-67.212,-79.401
-12.306,-95.076,-36.688
-17.115,-91.681,-46.768
-46.615,-78.11,-59.317
-58.794,-67.602,-84.319
-47.271,-90.456,-64.413
-43.942,-84.594,-52.154
-18.596,-91.6,-31.255
-42.213,-90.964,-56.373
-59.913,-70.493,-83.436
-42.121,-84.636,-62.766
-54.365,-63.398,-88.98
-51.788,-82.136,-68.372
-55.067,-67.223,-86.419
-29.525,-87.386,-44.198
-54.255,-85.708,-66.634
-47.403,-85.79,-57.528
-21.783,-90.747,-42.218
-19.296,-92.811,-42
-54.55,-82.354,-65.225
-61.124,-69.735,-83.984
-18.386,-92.335,-34.509
-58.847,-76.223,-85.466
-39.54,-89.363,-45.812
-59.83,-68.219,-79.923
-19.05,-98.234,-38.685
-59.399,-74.909,-81.293
-54.845,-68.299,-79.114
-51.256,-81.976,-52.144
-15.567,-90.576,-40.498
-50.248,-82.715,-61.527
-20.961,-90.345,-41.272
-46.172,-82.918,-60.696
-34.054,-92.518,-44.904
-50.799,-68.252,-81.689
-57.476,-69.586,-87.66
-54.496,-75.148,-88.104
-43.792,-81.567,-52.234
-44.531,-85.987,-67.543
-22.93,-87.675,-36.963
-29.979,-93.467,-44.535
-42.494,-85.881,-58.015
-46.07,-79.287,-60.086
-33.387,-94.215,-43.257
-46.252,-80.297,-53.227
-56.317,-69.244,-84.174
-52.222,-65.104,-83.866
-34.688,-93.133,-39.756
-46.471,-84.755,-66.613
-46.994,-84.075,-67.954
-41.438,-82.764,-70.784
-30.849,-87.185,-55.955
-10,-89.639,-37.111
-53.521,-70.556,-80.668
-46.697,-90.238,-60.808
-29.222,-96.203,-44.944
-62.926,-70.613,-80.422
-53.326,-72.895,-75.708
-58.404,-60.106,-81.354
-47.749,-84.634,-58.959
-39.374,-86.971,-71.553
-38.754,-76.685,-55.022
-49.378,-81.024,-71.286
-47.2,-75.798,-63.074
-26.52,-88.62,-43.507
-55.444,-79.216,-71.89
-52.937,-81.938,-65.822
-54.998,-81.903,-59.059
-33.394,-87.212,-45.429
-63.265,-66.743,-78.977
-55.806,-64.789,-84.523
-45.035,-83.875,-61.78
-45.528,-83.943,-60.656
-49.205,-85.554,-56.923
-50.824,-78.526,-61.873
-43.67,-78.56,-57.962
-47.049,-84.491,-70.199
-33.454,-82.167,-39.338
-22.416,-92.794,-40.267
-48.108,-85.513,-54.802
-53.647,-84.741,-62.005
-51.229,-66.398,-78.532
-60.396,-67.159,-78.64
-35.022,-95.936,-42.641
-52.087,-86.698,-73.9
-40.59,-87.142,-41.059
-48.537,-81.429,-68.604
-43.835,-78.46,-55.917
-11.042,-95.574,-37.826
-53.965,-72.783,-73.51
-45.993,-83.628,-55.199
-27.348,-89.587,-47.519
-47.911,-79.012,-68.063
-33.862,-89.044,-42.101
-17.623,-93.947,-35.724
-52.863,-79.151,-69.475
-48.57,-78.761,-60.156
-51.038,-77.495,-54.908
-43.31,-73.04,-67.113
-57.656,-77.5,-87.268
-50.374,-81.568,-71.424
-31.567,-88.447,-35.799
-49.389,-84.616,-71.231
-51.056,-71.517,-85.617
-23.453,-84.168,-45.06
-48.428,-84.421,-68.994
-18.605,-91.914,-40.047
-52.422,-94.338,-56.171
-46.41,-84.967,-69.519
-29.124,-92.833,-50.673
-24.935,-95.309,-46.449
